Kind,Name,AvgCyclomatic,SumCyclomatic,MaxEssential,MaxNesting
File,"biblioteca-master\src\main\java\edu\uepb\web\biblioteca\controller\AlunoController.java",1,15,1,0
File,"biblioteca-master\src\main\java\edu\uepb\web\biblioteca\controller\CursoController.java",1,9,1,2
File,"biblioteca-master\src\main\java\edu\uepb\web\biblioteca\controller\DividaController.java",1,1,1,0
File,"biblioteca-master\src\main\java\edu\uepb\web\biblioteca\controller\EmprestimoController.java",1,8,1,1
File,"biblioteca-master\src\main\java\edu\uepb\web\biblioteca\controller\FuncionarioController.java",1,14,1,2
File,"biblioteca-master\src\main\java\edu\uepb\web\biblioteca\controller\ItemController.java",1,12,1,2
File,"biblioteca-master\src\main\java\edu\uepb\web\biblioteca\controller\ReservaController.java",1,5,1,1
File,"biblioteca-master\src\main\java\edu\uepb\web\biblioteca\controller\UniversidadeController.java",2,4,1,1
File,"biblioteca-master\src\main\java\edu\uepb\web\biblioteca\dao\AlunoDAOImpl.java",3,28,4,3
File,"biblioteca-master\src\main\java\edu\uepb\web\biblioteca\dao\Conexao.java",3,3,1,1
File,"biblioteca-master\src\main\java\edu\uepb\web\biblioteca\dao\CursoDAOImpl.java",2,23,4,3
File,"biblioteca-master\src\main\java\edu\uepb\web\biblioteca\dao\DividaDAOImpl.java",2,31,5,4
File,"biblioteca-master\src\main\java\edu\uepb\web\biblioteca\dao\EmprestimoDAOImpl.java",2,35,4,3
File,"biblioteca-master\src\main\java\edu\uepb\web\biblioteca\dao\FuncionarioDAOImpl.java",3,25,4,3
File,"biblioteca-master\src\main\java\edu\uepb\web\biblioteca\dao\ItemDAOImpl.java",3,21,4,3
File,"biblioteca-master\src\main\java\edu\uepb\web\biblioteca\dao\ReservaDAOImpl.java",2,33,4,3
File,"biblioteca-master\src\main\java\edu\uepb\web\biblioteca\dao\UniversidadeDAOImpl.java",1,15,1,2
File,"biblioteca-master\src\main\java\edu\uepb\web\biblioteca\exception\AutenticacaoException.java",1,1,1,0
File,"biblioteca-master\src\main\java\edu\uepb\web\biblioteca\exception\BibliotecaException.java",1,1,1,0
File,"biblioteca-master\src\main\java\edu\uepb\web\biblioteca\exception\EmprestimoException.java",1,1,1,0
File,"biblioteca-master\src\main\java\edu\uepb\web\biblioteca\exception\ExistException.java",1,1,1,0
File,"biblioteca-master\src\main\java\edu\uepb\web\biblioteca\exception\ValidacaoException.java",1,1,1,0
File,"biblioteca-master\src\main\java\edu\uepb\web\biblioteca\jobs\EnviaEmailReserva.java",1,1,1,0
File,"biblioteca-master\src\main\java\edu\uepb\web\biblioteca\model\Aluno.java",1,41,7,2
File,"biblioteca-master\src\main\java\edu\uepb\web\biblioteca\model\Curso.java",1,18,4,1
File,"biblioteca-master\src\main\java\edu\uepb\web\biblioteca\model\Divida.java",1,12,1,0
File,"biblioteca-master\src\main\java\edu\uepb\web\biblioteca\model\Emprestimo.java",1,17,1,0
File,"biblioteca-master\src\main\java\edu\uepb\web\biblioteca\model\Funcionario.java",1,32,5,1
File,"biblioteca-master\src\main\java\edu\uepb\web\biblioteca\model\Item.java",1,49,1,0
File,"biblioteca-master\src\main\java\edu\uepb\web\biblioteca\model\Reserva.java",1,13,1,0
File,"biblioteca-master\src\main\java\edu\uepb\web\biblioteca\model\Universidade.java",1,13,1,0
File,"biblioteca-master\src\main\java\edu\uepb\web\biblioteca\service\AlunoService.java",1,10,1,2
File,"biblioteca-master\src\main\java\edu\uepb\web\biblioteca\service\CursoService.java",1,6,1,1
File,"biblioteca-master\src\main\java\edu\uepb\web\biblioteca\service\DividaService.java",1,7,1,1
File,"biblioteca-master\src\main\java\edu\uepb\web\biblioteca\service\EmprestimoService.java",2,16,1,1
File,"biblioteca-master\src\main\java\edu\uepb\web\biblioteca\service\FuncionarioService.java",1,6,1,0
File,"biblioteca-master\src\main\java\edu\uepb\web\biblioteca\service\ItemService.java",1,9,3,2
File,"biblioteca-master\src\main\java\edu\uepb\web\biblioteca\service\ReservaService.java",2,9,1,1
File,"biblioteca-master\src\main\java\edu\uepb\web\biblioteca\service\UniversidadeService.java",1,4,1,1
File,"biblioteca-master\src\main\java\edu\uepb\web\biblioteca\utils\BibliotecaDateTime.java",1,7,1,1
File,"biblioteca-master\src\main\java\edu\uepb\web\biblioteca\utils\Email.java",1,14,1,1