Kind,Name,MaxInheritanceTree,CountClassDerived,CountClassBase,CountClassCoupled
Public Class,"edu.uepb.web.biblioteca.controller.AlunoController",1,0,1,13
Public Class,"edu.uepb.web.biblioteca.controller.CursoController",1,0,1,4
Public Class,"edu.uepb.web.biblioteca.controller.DividaController",1,0,1,1
Public Class,"edu.uepb.web.biblioteca.controller.EmprestimoController",1,0,1,6
Public Class,"edu.uepb.web.biblioteca.controller.FuncionarioController",1,0,1,4
Public Class,"edu.uepb.web.biblioteca.controller.ItemController",1,0,1,4
Public Class,"edu.uepb.web.biblioteca.controller.ReservaController",1,0,1,4
Public Class,"edu.uepb.web.biblioteca.controller.UniversidadeController",1,0,1,4
Public Class,"edu.uepb.web.biblioteca.dao.AlunoDAOImpl",1,0,2,4
Public Class,"edu.uepb.web.biblioteca.dao.AlunoDAOTest",1,0,1,7
Public Class,"edu.uepb.web.biblioteca.dao.Conexao",1,0,1,0
Public Class,"edu.uepb.web.biblioteca.dao.ConexaoTest",1,0,1,1
Public Class,"edu.uepb.web.biblioteca.dao.CursoDAOImpl",1,0,2,3
Public Class,"edu.uepb.web.biblioteca.dao.CursoDAOTest",1,0,1,4
Public Class,"edu.uepb.web.biblioteca.dao.DividaDAOImpl",1,0,2,6
Public Class,"edu.uepb.web.biblioteca.dao.EmprestimoDAOImpl",1,0,2,8
Public Class,"edu.uepb.web.biblioteca.dao.EmprestimoDAOTest",1,0,1,9
Public Class,"edu.uepb.web.biblioteca.dao.FuncionarioDAOImpl",1,0,2,3
Public Class,"edu.uepb.web.biblioteca.dao.FuncionarioDAOTest",1,0,1,5
Public Class,"edu.uepb.web.biblioteca.dao.ItemDAOImpl",1,0,2,2
Public Class,"edu.uepb.web.biblioteca.dao.ItemDAOTest",1,0,1,6
Public Class,"edu.uepb.web.biblioteca.dao.ReservaDAOImpl",1,0,2,6
Public Class,"edu.uepb.web.biblioteca.dao.UniversidadeDAOImpl",1,0,2,3
Public Class,"edu.uepb.web.biblioteca.dao.UniversidadeDAOTest",1,0,1,3
Public Class,"edu.uepb.web.biblioteca.exception.AutenticacaoException",3,0,1,0
Public Class,"edu.uepb.web.biblioteca.exception.BibliotecaException",2,4,1,0
Public Class,"edu.uepb.web.biblioteca.exception.EmprestimoException",3,0,1,0
Public Class,"edu.uepb.web.biblioteca.exception.ExistException",3,0,1,0
Public Class,"edu.uepb.web.biblioteca.exception.ValidacaoException",3,0,1,0
Public Class,"edu.uepb.web.biblioteca.jobs.EnviaEmailReserva",1,0,2,0
Public Class,"edu.uepb.web.biblioteca.model.Aluno",1,0,1,1
Public Class,"edu.uepb.web.biblioteca.model.Curso",1,0,1,1
Public Class,"edu.uepb.web.biblioteca.model.Divida",1,0,1,2
Public Class,"edu.uepb.web.biblioteca.model.Emprestimo",1,0,1,3
Public Class,"edu.uepb.web.biblioteca.model.Funcionario",1,0,1,1
Public Class,"edu.uepb.web.biblioteca.model.Item",1,0,1,5
Public Class,"edu.uepb.web.biblioteca.model.Reserva",1,0,1,2
Public Class,"edu.uepb.web.biblioteca.model.Universidade",1,0,1,0
Public Class,"edu.uepb.web.biblioteca.service.AlunoService",1,0,1,14
Public Class,"edu.uepb.web.biblioteca.service.CursoService",1,0,1,7
Public Class,"edu.uepb.web.biblioteca.service.DividaService",1,0,1,6
Public Class,"edu.uepb.web.biblioteca.service.EmprestimoService",1,0,1,16
Public Class,"edu.uepb.web.biblioteca.service.FuncionarioService",1,0,1,3
Public Class,"edu.uepb.web.biblioteca.service.ItemService",1,0,1,7
Public Class,"edu.uepb.web.biblioteca.service.ReservaService",1,0,1,13
Public Class,"edu.uepb.web.biblioteca.service.UniversidadeService",1,0,1,6
Public Class,"edu.uepb.web.biblioteca.utils.BibliotecaDateTime",1,0,1,3
Public Class,"edu.uepb.web.biblioteca.utils.Email",1,0,1,6

