Kind,Name,PercentLackOfCohesion
Public Class,"edu.uepb.web.biblioteca.controller.AlunoController",78
Public Class,"edu.uepb.web.biblioteca.controller.CursoController",19
Public Class,"edu.uepb.web.biblioteca.controller.DividaController",0
Public Class,"edu.uepb.web.biblioteca.controller.EmprestimoController",33
Public Class,"edu.uepb.web.biblioteca.controller.FuncionarioController",36
Public Class,"edu.uepb.web.biblioteca.controller.ItemController",14
Public Class,"edu.uepb.web.biblioteca.controller.ReservaController",25
Public Class,"edu.uepb.web.biblioteca.controller.UniversidadeController",0
Public Class,"edu.uepb.web.biblioteca.dao.AlunoDAOImpl",26
Public Class,"edu.uepb.web.biblioteca.dao.AlunoDAOTest",61
Public Class,"edu.uepb.web.biblioteca.dao.Conexao",0
Public Class,"edu.uepb.web.biblioteca.dao.ConexaoTest",0
Public Class,"edu.uepb.web.biblioteca.dao.CursoDAOImpl",36
Public Class,"edu.uepb.web.biblioteca.dao.CursoDAOTest",65
Public Class,"edu.uepb.web.biblioteca.dao.DividaDAOImpl",43
Public Class,"edu.uepb.web.biblioteca.dao.EmprestimoDAOImpl",35
Public Class,"edu.uepb.web.biblioteca.dao.EmprestimoDAOTest",25
Public Class,"edu.uepb.web.biblioteca.dao.FuncionarioDAOImpl",15
Public Class,"edu.uepb.web.biblioteca.dao.FuncionarioDAOTest",67
Public Class,"edu.uepb.web.biblioteca.dao.ItemDAOImpl",28
Public Class,"edu.uepb.web.biblioteca.dao.ItemDAOTest",63
Public Class,"edu.uepb.web.biblioteca.dao.ReservaDAOImpl",34
Public Class,"edu.uepb.web.biblioteca.dao.UniversidadeDAOImpl",59
Public Class,"edu.uepb.web.biblioteca.dao.UniversidadeDAOTest",16
Public Class,"edu.uepb.web.biblioteca.exception.AutenticacaoException",0
Public Class,"edu.uepb.web.biblioteca.exception.BibliotecaException",0
Public Class,"edu.uepb.web.biblioteca.exception.EmprestimoException",0
Public Class,"edu.uepb.web.biblioteca.exception.ExistException",0
Public Class,"edu.uepb.web.biblioteca.exception.ValidacaoException",0
Public Class,"edu.uepb.web.biblioteca.jobs.EnviaEmailReserva",0
Public Class,"edu.uepb.web.biblioteca.model.Aluno",85
Public Class,"edu.uepb.web.biblioteca.model.Curso",65
Public Class,"edu.uepb.web.biblioteca.model.Divida",68
Public Class,"edu.uepb.web.biblioteca.model.Emprestimo",82
Public Class,"edu.uepb.web.biblioteca.model.Funcionario",85
Public Class,"edu.uepb.web.biblioteca.model.Item",95
Public Class,"edu.uepb.web.biblioteca.model.Reserva",76
Public Class,"edu.uepb.web.biblioteca.model.Universidade",76
Public Class,"edu.uepb.web.biblioteca.service.AlunoService",57
Public Class,"edu.uepb.web.biblioteca.service.CursoService",0
Public Class,"edu.uepb.web.biblioteca.service.DividaService",0
Public Class,"edu.uepb.web.biblioteca.service.EmprestimoService",58
Public Class,"edu.uepb.web.biblioteca.service.FuncionarioService",0
Public Class,"edu.uepb.web.biblioteca.service.ItemService",0
Public Class,"edu.uepb.web.biblioteca.service.ReservaService",50
Public Class,"edu.uepb.web.biblioteca.service.UniversidadeService",33
Public Class,"edu.uepb.web.biblioteca.utils.BibliotecaDateTime",60
Public Class,"edu.uepb.web.biblioteca.utils.Email",70

